,contestant,Fake_contestant,PID,Fake_PID,Sex,Fake_Sex
0,Richard Hatch,Nathan Walker-Bennett,1,WOGI05079596133783,M,Sex 1
1,Kelly Wiglesworth,Leanne Ryan,2,ZWSO03028042209826,F,Sex 2
2,Rudy Boesch,Dr Kieran Cox,3,WFUF52494409652837,M,Sex 1
3,Sue Hawk,Lisa Smith,4,WZIB24510572923106,F,Sex 2
4,Sean Keniff,Marilyn Dean,5,QYDZ18658126851920,M,Sex 1
5,Colleen Haskell,Mohammad Robinson-Pearson,6,AUDN81271769770430,F,Sex 2
6,Gervase Peterson,Kimberley Shepherd,7,WFOZ56927691240329,M,Sex 1
7,Jenna Lewis,Roy Evans-Wood,8,MLJW20600289341997,F,Sex 2
8,Greg Buis,Mrs Maria Ward,9,BRKG14976161179013,M,Sex 1
9,Gretchen Cordy,Dr Lawrence Lloyd,10,ILIU87366218128892,F,Sex 2
10,Joel Klug,Christopher Simmons,11,ZPZM81406659653460,M,Sex 1
11,Dirk Been,Miss Lucy Smith,12,IBAI02586902336085,M,Sex 1
12,Ramona Gray,Dr Judith Cooper,13,TEEE84954664853629,F,Sex 2
13,Stacey Stillman,Mr Eric Robertson,14,PBAS39735126005606,F,Sex 2
14,B.B. Andersen,Miss Jodie Williams,15,QEJE19905860719679,M,Sex 1
15,Sonja Christopher,Irene Singh,16,QBUP61978873214733,F,Sex 2
16,Tom Westman,Mr Matthew Jones,131,OXAK73060276342419,M,Sex 1
17,Katie Gallagher,Duncan Gordon-Harris,132,CKAT88299651702427,F,Sex 2
18,Ian Rosenberger,Ruth Lewis,133,JLDW31323117287124,M,Sex 1
19,Jenn Lyon,Paul Thornton-Smith,134,MTSD53678250976575,F,Sex 2
20,Caryn Groedel,Daniel Smith,135,FOFE56791490490293,F,Sex 2
21,Gregg Carey,Ms Catherine Hardy,136,PNOM63738759375000,M,Sex 1
22,Stephenie LaGrossa,Jamie Williams,137,ZAHQ95280211819707,F,Sex 2
23,Janu Tornell*,Sian Burton,138,CPIL63077776445662,F,Sex 2
24,Coby Archa,Marian Saunders-Hughes,139,JECQ22949147431835,M,Sex 1
25,Bobby Jon Drinkard,Mr Leslie Nash,140,QIRM49409989410297,M,Sex 1
26,Ibrehem Rahman,David Taylor,141,OLAQ07666963042577,M,Sex 1
27,James Miller,Sean Taylor,142,WACS90603566170650,M,Sex 1
28,Angie Jakusz,Ms Brenda Dawson,143,BVJZ58321220827009,F,Sex 2
29,Willard Smith,Dr Alexander Jones,144,JHVF90593092551389,M,Sex 1
30,Kim Mullen,Tony Slater,145,WSYY99900785641460,F,Sex 2
31,Jeff Wilson,Leigh Davis,146,TTFM48971898943644,M,Sex 1
32,Ashlee Ashby,Stacey Donnelly,147,DJKC97254461652783,F,Sex 2
33,Jolanda Jones,Mr Marcus Fleming,148,DLNZ25311916473161,F,Sex 2
34,Wanda Shirk,Dylan Grant,149,AVPP26168899669514,F,Sex 2
35,Jonathan Libby,Mr Aaron Sheppard,150,PAGK08845783972968,M,Sex 1
36,Danni Boatwright,Lydia Dixon-Holland,151,CMKU95260867629811,F,Sex 2
37,Stephenie LaGrossa,Jamie Williams,137,ZAHQ95280211819707,F,Sex 2
38,Rafe Judkins,Mrs Valerie Murray,152,MBJW07780182472808,M,Sex 1
39,Lydia Morales,Gavin Brennan,153,LUAR01774291255200,F,Sex 2
40,Cindy Hall,Robert Moore,154,IBEJ37376957448582,F,Sex 2
41,Judd Sergeant,Ms Elizabeth Robinson,155,XYEK95718859111010,M,Sex 1
42,Gary Hogeboom,Jason Elliott,156,WIEZ52297264372898,M,Sex 1
43,Jamie Newton,Timothy Farrell,157,BKZX87870138152243,M,Sex 1
44,Bobby Jon Drinkard,Mr Leslie Nash,140,QIRM49409989410297,M,Sex 1
45,Brandon Bellinger,Ross Pritchard,158,BGFV82795179017512,M,Sex 1
46,Amy O'Hara,Katherine Edwards,159,AKNN90949479677151,F,Sex 2
47,Brian Corridan,Rosie Cox,160,ISFJ75316282448941,M,Sex 1
48,Margaret Bobonich,Malcolm Thomas,161,SGUS77784080417396,F,Sex 2
49,Blake Towsley,Timothy Naylor,162,MZJX31889182940750,M,Sex 1
50,Brooke Struck,Oliver Hudson,163,JDUZ14791979528613,F,Sex 2
51,Brianna Varela,Charlotte Mills,164,INZM69295475260691,F,Sex 2
52,Morgan McDevitt,Dr Abdul Walsh,165,SQBN72758488252691,F,Sex 2
53,Jim Lynch,Jodie Butler,166,VGBD52004660115036,M,Sex 1
54,Aras Baskauskas,Jeffrey McDonald-Morris,167,DGAP83037321921325,M,Sex 1
55,Danielle DiLorenzo,Lawrence Turner,168,ZSDA66764591685951,F,Sex 2
56,Terry Deitz,Ms Caroline Holmes,169,FHKU57426737262809,M,Sex 1
57,Cirie Fields,Vanessa Stone,170,SXUZ00045986745505,F,Sex 2
58,Shane Powers,Miss Pauline Reeves,171,IKPW98631608547875,M,Sex 1
59,Courtney Marit,Declan Robson,172,RLVB89358831832342,F,Sex 2
60,Bruce Kanegai*,Dr Robert Grant,173,LMXZ15696775357426,M,Sex 1
61,Sally Schumann,Barry Jackson-Sinclair,174,ZCZL81359510780465,F,Sex 2
62,Austin Carty,Danielle Byrne,175,FWXN43404309625970,M,Sex 1
63,Nick Stanbury,Abigail Spencer,176,LSSX62773576152622,M,Sex 1
64,Dan Barry,Alison Pollard,177,XBVQ60135244285098,M,Sex 1
65,BobDawg Mason,Sophie Clarke,178,KRRA47719474596290,M,Sex 1
66,Ruth-Marie Milliman,Yvonne Lambert,179,JVLI48847631725259,F,Sex 2
67,Misty Giles,Dr Shane Hooper,180,FKTE88364786147993,F,Sex 2
68,Melinda Hyder,Dr Graham Hughes,181,RQDJ28338049601425,F,Sex 2
69,Tina Scheer,Frances Taylor-Simmons,182,PWQD63782924613392,F,Sex 2
70,Yul Kwon,Rachel Fletcher,183,EBYR71891912153492,M,Sex 1
71,Ozzy Lusth,Douglas Patterson,184,GEIB32179568777961,M,Sex 1
72,Becky Lee,Natalie Allen,185,ZOSL55154174171718,F,Sex 2
73,Sundra Oakley,Alan Hamilton,186,PFLA09869401554742,F,Sex 2
74,Adam Gentry,Amanda Wright,187,GSEV98807424551451,M,Sex 1
75,Parvati Shallow,Lauren Fitzgerald,188,TGDE05649952428602,F,Sex 2
76,Jonathan Penner,Roger Nixon,189,XKBP02047040321172,M,Sex 1
77,Candice Woodcock,Mr Joe Smart,190,PEEV52274619803230,F,Sex 2
78,Nate Gonzalez,Leslie Barton,191,PJUQ10834823716169,M,Sex 1
79,Jenny Guzon-Bae,Joyce Higgins,192,SPRH85098047558723,F,Sex 2
80,Rebecca Borman,Duncan Clarke,193,PSNK86256071406891,F,Sex 2
81,Brad Virata,Peter Collins,194,YRZK62125338129540,M,Sex 1
82,Jessica 'Flica' Smith,Mandy Edwards-Shepherd,195,UDAG86587355445971,F,Sex 2
83,Cristina Coria,Megan Stone,196,QJPC81973101428745,F,Sex 2
84,Anh-Tuan 'Cao Boi' Bui,Ms Lydia Thompson,197,TRHY40869100912600,M,Sex 1
85,Stephannie Favor,Julian Carroll-Ellis,198,LOTT78244373578374,F,Sex 2
86,J.P. Calderon,Mr Christian Kaur,199,HEMX74270442646726,M,Sex 1
87,Cecilia Mansilla,Dr Jonathan Cunningham,200,UXXO87010039627322,F,Sex 2
88,Billy Garcia,Douglas Douglas,201,ZIRC66856111346122,M,Sex 1
89,Sekou Bunch,Chloe Simpson,202,HNBT36336280018509,M,Sex 1
90,Earl Cole,Darren Henderson,203,QDYH84114311039428,M,Sex 1
91,Cassandra Franklin,Albert Peters,204,HLFJ12098405735049,F,Sex 2
92,Dreamz Herd,Dylan Scott-Gibson,205,DZAT97410006154678,M,Sex 1
93,Yau-Man Chan,Karl Miller-Morrison,206,FJBZ65516819820964,M,Sex 1
94,Boo Bernis,Anna Richardson,207,POSX87745817524428,M,Sex 1
95,Stacy Kimball,Neil Heath-Jones,208,TKOF15871811352102,F,Sex 2
96,Alex Angarita,Mrs Joanna Farrell,209,PVRU95179998853985,M,Sex 1
97,Mookie Lee,Frederick Morris,210,DQYX51464602983822,M,Sex 1
98,Edgardo Rivera,Garry Ward-Davies,211,XUTG76005550364321,M,Sex 1
99,Michelle Yi,Colin Hope,212,HPLZ10809217076156,F,Sex 2
100,Lisi Linares,Charlotte Richardson,213,GREC61458281936483,F,Sex 2
101,Rocky Reid,Julie Miles,214,TJTL23414659497364,M,Sex 1
102,Anthony Robinson,Joshua Heath,215,CZHF07698635579705,M,Sex 1
103,Rita Verreos,Graham Daniels,216,TVHR53958188042929,F,Sex 2
104,Liliana Gomez,Raymond Dixon,217,JGER03708089135541,F,Sex 2
105,Gary Stritesky*,Bernard Gray-Morgan,218,PXUW66810619512860,M,Sex 1
106,Sylvia Kwan,Jessica Armstrong,219,XMWD91398578744182,F,Sex 2
107,Erica Durousseau,Sam Robertson,220,VOET14171697839813,F,Sex 2
108,Jessica DeBen,Ms Kate Baker,221,DSGB35652976167364,F,Sex 2
109,Todd Herzog,Brandon Ingram,222,PPZM16042239318141,M,Sex 1
110,Courtney Yates,Kenneth Duncan,223,EWMX48348699004180,F,Sex 2
111,Amanda Kimmel,Katy Wheeler,224,RTFA65657923429913,F,Sex 2
112,Denise Martin,Dr Stuart Preston,225,WYPS31924068080850,F,Sex 2
113,Peih-Gee Law,Caroline Wells,226,GDED01888808066702,F,Sex 2
114,Erik Huffman,Dr Phillip Morton,227,ERQF31693502341672,M,Sex 1
115,James Clement,Robert Blackburn,228,VIZI36325876716580,M,Sex 1
116,Frosti Zernow,Jordan Smith,229,SAIX94599947334813,M,Sex 1
117,Jean-Robert Bellande,Terry Doyle,230,KKZG75283148807747,M,Sex 1
118,Jaime Dugan,Diana Barker-Brown,231,GETI56174341925162,F,Sex 2
119,Sherea Lloyd,Dylan Willis-Hodgson,232,DDCY39163841111137,F,Sex 2
120,Aaron Reisberger,Sally Woods,233,RYOY83342120497090,M,Sex 1
121,Dave Cruser,Mr Robert Jenkins,234,QHQQ02587847584178,M,Sex 1
122,Leslie Nease,Dr Stacey Lee,235,ILCY83163060001050,F,Sex 2
123,Ashley Massaro,Simon Foster,236,ZXDV57836615288888,F,Sex 2
124,Chicken Morris,Tina McLean,237,HEXO24964225520800,M,Sex 1
125,Parvati Shallow,Lauren Fitzgerald,188,TGDE05649952428602,F,Sex 2
126,Amanda Kimmel,Katy Wheeler,224,RTFA65657923429913,F,Sex 2
127,Cirie Fields,Vanessa Stone,170,SXUZ00045986745505,F,Sex 2
128,Natalie Bolton,Geoffrey Barton-Johnson,238,RTJF01043117520294,F,Sex 2
129,Erik Reichenbach,Philip Ellis,239,VZGK03566154990576,M,Sex 1
130,Alexis Jones,Mandy Sinclair,240,DNRO91688134997742,F,Sex 2
131,James Clement*,Carole Barnett,228,VIZI36325876716580,M,Sex 1
132,Jason Siska,Duncan Thomas,241,OEHQ36820086643538,M,Sex 1
133,Ozzy Lusth,Douglas Patterson,184,GEIB32179568777961,M,Sex 1
134,Eliza Orlins,Gregory Burke,116,TMTM11756780966647,F,Sex 2
135,Ami Cusack,Nicole Campbell,118,CGBF61001379128019,F,Sex 2
136,Tracy Hughes-Wolf,Frank Jones-Cunningham,242,SCRB09675536682464,F,Sex 2
137,Kathy Sleckman*,Jacob Smith-Roberts,243,XLNP59017539285642,F,Sex 2
138,Chet Welch,Sean Smith,244,ETKM69755253008879,M,Sex 1
139,Jonathan Penner*,Dawn Savage,189,XKBP02047040321172,M,Sex 1
140,Joel Anderson,Kayleigh Jones,245,HUZB03927363831430,M,Sex 1
141,Mikey B' Bortone,Frances Kelly,246,CTNC99015245040134,M,Sex 1
142,Yau-Man Chan,Karl Miller-Morrison,206,FJBZ65516819820964,M,Sex 1
143,Mary Sartain,Marie Ball-Dixon,247,WETJ13058828382304,F,Sex 2
144,Jonny Fairplay,Dr Damian Harrison,99,RTJC27727741420023,M,Sex 1
145,Bob Crowley,Leonard Lowe,248,JZPY52300920181746,M,Sex 1
146,Susie Smith,Dr Liam Payne,249,TDDC23740030312614,F,Sex 2
147,Sugar' Kiper,Dr Shane Hussain,250,SFUY82712875185409,F,Sex 2
148,Matty Whitmore,Joanna Murphy,251,LHTP63755271077609,M,Sex 1
149,Ken Hoang,Rita Pope,252,PYON01986763121579,M,Sex 1
150,Crystal Cox,Bethan Cooke-Wilson,253,SDUT41779055422314,F,Sex 2
151,Corinne Kaplan,Mr Daniel Warren,254,LMNK35148814368302,F,Sex 2
152,Randy Bailey,Miss Beverley Edwards,255,ZNDV67575899644605,M,Sex 1
153,Charlie Herschel,Adrian Rhodes,256,RYIL75669069960527,M,Sex 1
154,Marcus Lehman,Amelia Patterson,257,MADU32376953484122,M,Sex 1
155,Dan Kay,Miss Eleanor Sullivan,258,PWZC67263291487418,M,Sex 1
156,Ace Gordon,Alan Bradley,259,TVWH17798719524998,M,Sex 1
157,Kelly Czarnecki,Karen Moore,260,OLWZ04484036671784,F,Sex 2
158,Danny 'GC' Brown,Joan Reed,261,BHPV58461309379570,M,Sex 1
159,Jacquie Berg,Garry Smart-Mistry,262,KXLY42582632041975,F,Sex 2
160,Paloma Soto-Castillo,Dr Derek Hughes,263,WWPN33901766919834,F,Sex 2
161,Gillian Larson,Miss Emily West,264,PWKV56009281287095,F,Sex 2
162,Michelle Chase,Charles Day,265,LCRF62264159501042,F,Sex 2
163,J.T. Thomas,Mr Jack Jones,266,JKVV64352077451919,M,Sex 1
164,Stephen Fishbach,Janice Frost-Jones,267,ZTFS67567612615221,M,Sex 1
165,Erinn Lobdell,Kayleigh Ali,268,YXVC76848289624198,F,Sex 2
166,Taj' Johnson-George,Neil Holden,269,ZQDD59090378745575,F,Sex 2
167,Coach Wade,Dr Karl Sanderson,270,YCDN43081267816411,M,Sex 1
168,Debbie Beebe,George Ball,271,FECI76334675963063,F,Sex 2
169,Sierra Reed,Elliott Stone,272,FLAZ72458448088043,F,Sex 2
170,Tyson Apostol,Ms Zoe Holloway,273,VPTD36118243990123,M,Sex 1
171,Brendan Synnott,Amy White,274,WKSF29609357344276,M,Sex 1
172,Joe Dowdle*,Dr Albert King,275,DFKF14864039191975,M,Sex 1
173,Sydney Wheeler,Mr Samuel Nicholls,276,KIEF17799352954672,F,Sex 2
174,Spencer Duhm,Annette Turner-King,277,EQZB80550827135316,M,Sex 1
175,Sandy Burgin,Karl Simpson,278,DLXK81040188940938,F,Sex 2
176,Jerry Sims,Mr Aaron Anderson,279,GUSQ54166994485248,M,Sex 1
177,Candace Smith,Daniel Benson,280,YPPL93559721888552,F,Sex 2
178,Carolina Eastwood,Thomas Pugh,281,CHMT89597883461337,F,Sex 2
179,Natalie White,Mrs Bethany Murray,282,CVLB99319434379225,F,Sex 2
180,Russell Hantz,Eric O'Connor,283,BVCJ30046639680821,M,Sex 1
181,Mick Trimming,Joel Read,284,FHHT46420312832185,M,Sex 1
182,Brett Clouser,Dr Bethany Robinson,285,BPQV76048655724142,M,Sex 1
183,Jaison Robinson,Benjamin Bowen,286,QIGK37697409648237,M,Sex 1
184,Shambo Waters,Damian Owen-Wong,287,BOCQ49881154522428,F,Sex 2
185,Monica Padilla,Alexander Morgan-Hunter,288,OKIA05932238706274,F,Sex 2
186,Dave Ball,Mr Marcus Cross,289,XLDW56147865367367,M,Sex 1
187,John Fincher,Ms Judith Hayes,290,PCGK16466564153844,M,Sex 1
188,Laura Morett,Connor Wilkinson,291,BDYX74176829223790,F,Sex 2
189,Kelly Sharbaugh,Patrick Warren,292,JXSB52896130242962,F,Sex 2
190,Erik Cardona,Robert Hayes,293,YSWA94693139688191,M,Sex 1
191,Liz Kim,Francis Burke,294,JEGZ06404054078345,F,Sex 2
192,Russell Swan*,Aaron Turner,295,EFSS77828852804168,M,Sex 1
193,Ashley Trainer,Frederick Norman-Smith,296,FIZQ51602951354298,F,Sex 2
194,Yasmin Giles,Kimberley Harris,297,BZYZ44367235345344,F,Sex 2
195,Ben Browning,Malcolm Patel,298,DHYR85344782495724,M,Sex 1
196,Betsy Bolan,Denis Heath,299,QWNV80391220416729,F,Sex 2
197,Mike Borassi *,Michelle Webster,300,HMVD05144540321703,M,Sex 1
198,Marisa Calihan,Matthew Murphy-Murphy,301,KJRF34221907177961,F,Sex 2
199,Tina Wesson,Marcus Baker,17,FKKG09792589456004,F,Sex 2
200,Colby Donaldson,Amber Watts,18,NLUQ33344045331292,M,Sex 1
201,Keith Famie,Mr Geoffrey Wilson,19,ABEJ04162047340879,M,Sex 1
202,Elisabeth Filarski,Stuart White,20,ZBHA01170700221075,F,Sex 2
203,Rodger Bingham,Gregory Kirby,21,JRYC58426846571093,M,Sex 1
204,Amber Brkich,Eleanor Cooper,22,BRAC03893587727584,F,Sex 2
205,Nick Brown,Dr Jordan Long,23,RRDL58645532266050,M,Sex 1
206,Jerri Manthey,Mark Norris-Edwards,24,YVTR37292893054084,F,Sex 2
207,Alicia Calaway,Samuel Smith,25,TTDP75260264176128,F,Sex 2
208,Jeff Varner,Mr Benjamin Clarke,26,XKBS29655656451233,M,Sex 1
209,Mike Skupin*,Mrs Zoe Hunt,27,ZNIT72049559389641,M,Sex 1
210,Kimmi Kappenberg,Debra Turner,28,AKNI55578200503129,F,Sex 2
211,Mitchell Olson,Mr Hugh Wright,29,IIAT74955253251026,M,Sex 1
212,Maralyn Hershey,Fiona White-White,30,XALX63410659146126,F,Sex 2
213,Kel Gleason,Jill Rhodes,31,SGOI73777075180507,M,Sex 1
214,Debb Eaton,Kathleen Bailey,32,HYTP12667739537833,F,Sex 2
215,Sandra Diaz-Twine,Danny Baker-Burgess,97,WGJG62261056388880,F,Sex 2
216,Parvati Shallow,Lauren Fitzgerald,188,TGDE05649952428602,F,Sex 2
217,Jerri Manthey,Mark Norris-Edwards,24,YVTR37292893054084,F,Sex 2
218,Russell Hantz,Eric O'Connor,283,BVCJ30046639680821,M,Sex 1
219,Danielle DiLorenzo,Lawrence Turner,168,ZSDA66764591685951,F,Sex 2
220,Candice Woodcock,Mr Joe Smart,190,PEEV52274619803230,F,Sex 2
221,Boston Rob Mariano,Andrea Wilson-Robertson,58,FQLS54116172580522,M,Sex 1
222,J.T. Thomas,Mr Jack Jones,266,JKVV64352077451919,M,Sex 1
223,Cirie Fields,Vanessa Stone,170,SXUZ00045986745505,F,Sex 2
224,Colby Donaldson,Amber Watts,18,NLUQ33344045331292,M,Sex 1
225,Amanda Kimmel,Katy Wheeler,224,RTFA65657923429913,F,Sex 2
226,Tyson Apostol,Ms Zoe Holloway,273,VPTD36118243990123,M,Sex 1
227,Rupert Boneham,Dr Trevor Grant,104,ZCDJ22099866167066,M,Sex 1
228,Tom Westman,Mr Matthew Jones,131,OXAK73060276342419,M,Sex 1
229,James Clement,Robert Blackburn,228,VIZI36325876716580,M,Sex 1
230,Coach Wade,Dr Karl Sanderson,270,YCDN43081267816411,M,Sex 1
231,Stephenie LaGrossa,Jamie Williams,137,ZAHQ95280211819707,F,Sex 2
232,Courtney Yates,Kenneth Duncan,223,EWMX48348699004180,F,Sex 2
233,Randy Bailey,Miss Beverley Edwards,255,ZNDV67575899644605,M,Sex 1
234,Sugar Kiper,Emma Davey,250,SFUY82712875185409,F,Sex 2
235,Fabio Birza,Sean Rogers,302,LION95535423355552,M,Sex 1
236,Chase Rice,Mr Michael Stevens,303,CSGW58418661987474,M,Sex 1
237,Sash Lenahan,Dr Albert Coles,304,QIKD77823685686114,M,Sex 1
238,Holly Hoffman,Dr Molly Sheppard,305,LVSL86331091700711,F,Sex 2
239,Dan Lembo,Dawn Wheeler,306,TOAC39357281990976,M,Sex 1
240,Jane Hammett Bright,Wendy Fletcher,307,AIWT15166368625144,F,Sex 2
241,"Ben ""Benry"" Henry",Natasha Jones-Owen,308,MJRZ50454038415337,M,Sex 1
242,Purple Kelly Shinn *,Janice Williams-Jones,309,ORZO97282259830058,F,Sex 2
243,NaOnka Mixon *,Miss Marion Johnson,310,SLUW43305735834090,F,Sex 2
244,Brenda Lowe,Dr Neil Wilkinson,311,YZKQ10902232620881,F,Sex 2
245,Marty Piombo,Jake Atkins-Whitehead,312,DGHK36110070422705,M,Sex 1
246,Alina Wilson,Mr Jeremy Cooper,313,DALD22415860111550,F,Sex 2
247,Jill Behm,Mr Bruce Lawson,314,LOGY33601200339396,F,Sex 2
248,Yve Rojas,Amy Smith-Mitchell,315,DUDZ68856119792722,F,Sex 2
249,Kelly Bruno,Melanie Woods,316,KBAO01186764690107,F,Sex 2
250,Tyrone Davis,Victoria Thomas,317,YVCJ54410554442907,M,Sex 1
251,Jimmy Tarantino,John Stephens-Nelson,318,IBMX68321904315555,M,Sex 1
252,Jimmy Johnson,Mark Edwards-Peters,319,GLKF48478908561255,M,Sex 1
253,Shannon Elkins,Charlene Arnold-Watts,320,QYGW85652392574449,M,Sex 1
254,Wendy Jo DeSmidt-Kohlhoff,Bruce Hawkins,321,ZBNN13627346048316,F,Sex 2
255,Boston Rob Mariano,Andrea Wilson-Robertson,58,FQLS54116172580522,M,Sex 1
256,Natalie Tenerelli,Kyle Mistry-Hope,322,HLON57619577158930,F,Sex 2
257,Ashley Underwood,Dr Leslie Ball,323,WWEG96768880027760,F,Sex 2
258,Matt Elrod,Mr Leslie Fisher,324,AIFL12743490373321,M,Sex 1
259,Grant Mattos,Yvonne Ali,325,JXOU36243586785124,M,Sex 1
260,Mike Chiesl,Carole Crawford,326,WSUT32372578489166,M,Sex 1
261,Andrea Boehlke,Alexandra Lawrence,327,UEWD89872299949413,F,Sex 2
262,Phillip Sheppard,Mrs Kayleigh Allen,328,YQFS81355452927133,M,Sex 1
263,Sarita White,Dr Robert Martin,329,TYQS88518171992576,F,Sex 2
264,Julie Wolfe,Roger Turner,330,DIHW23416235955960,F,Sex 2
265,Steve Wright,Alan Pugh,331,WWTS78036901944261,M,Sex 1
266,Ralph Kiser,Dr Daniel Fitzgerald,332,FTDK81741776813976,M,Sex 1
267,David Murphy,Joyce Banks,333,LIMH07239687544816,M,Sex 1
268,Stephanie Valencia,Ms Susan Jordan,334,SLRN38969465784929,F,Sex 2
269,Krista Klumpp,Callum Schofield-Randall,335,SQTK12859787403861,F,Sex 2
270,Russell Hantz,Eric O'Connor,283,BVCJ30046639680821,M,Sex 1
271,Kristina Kell,Mrs Julie Cook,336,WROR14224322625555,F,Sex 2
272,Francesca Hogi,Dr Justin Holt,337,TXVW57169275253892,F,Sex 2
273,Coach Wade,Dr Karl Sanderson,270,YCDN43081267816411,M,Sex 1
274,Sophie Clarke,Rita Lewis,338,WWEZ02836934051916,F,Sex 2
275,Albert Destrade,Dr Dominic Jones,339,QJNY66129260144933,M,Sex 1
276,Ozzy Lusth,Douglas Patterson,184,GEIB32179568777961,M,Sex 1
277,Brandon Hantz,Dr Connor Hughes,340,IMXN29735919005654,M,Sex 1
278,Elyse Umemoto,Raymond Morris,341,MXCG96097473715478,F,Sex 2
279,Whitney Duncan,Ms Eleanor Shepherd,342,DQIP29557633955633,F,Sex 2
280,Dawn Meehan,Mr Kevin Ross,343,PYDW82405412506238,F,Sex 2
281,Mikayla Wingle,Mrs Sally Williams,344,STQG96174259047923,F,Sex 2
282,Christine Shields-Markoski,Mr Derek Barnes,345,GWER79215408602046,F,Sex 2
283,Jim Rice,Janet Bradley,346,YJQW55716788083953,M,Sex 1
284,Keith Tollefson,Joshua Cross,347,WMOM06576845720047,M,Sex 1
285,Rick Nelson,Alex Morris,348,WBAO87754464845229,M,Sex 1
286,John Cochran,Catherine Donnelly,349,OABD61454591922227,M,Sex 1
287,Edna Ma,Mark Ross-Coleman,350,TFRO41469555813644,F,Sex 2
288,Papa Bear Caruso,Aimee Phillips,351,OXTP03640928635220,M,Sex 1
289,Stacey Powell,Lynda Martin,352,AEVG14822341128401,F,Sex 2
290,Semhar Tadesse,Reece Hartley,353,AGBL05525614550877,F,Sex 2
291,Kim Spradlin,Harry Phillips,354,EZDT54103139149013,F,Sex 2
292,Sabrina Robinson,Jane Anderson,355,DZYO76585024747230,F,Sex 2
293,Chelsea Meissner,Mr Malcolm Austin,356,BGJG05660647469473,F,Sex 2
294,Troyzan Robertson,Owen Burrows-James,357,WGFI04658170173029,M,Sex 1
295,Jay Byars,Josh Cooper,358,WBAJ35902011337478,M,Sex 1
296,Alicia Rosa,Sian Cameron,359,JBDU85417623225992,F,Sex 2
297,Kat Edorsson,Amber Clements,360,DZVC15808668532580,F,Sex 2
298,Leif Manson,Ms Debra Akhtar,361,TSDD70402348279361,M,Sex 1
299,Colton Cumbie*,Andrew Clark,362,HSYL75036420210108,M,Sex 1
300,Michael Jefferson,Rachel Gray,363,FXLC56004983173552,M,Sex 1
301,Jonas Otsuji,Dr Jonathan Bailey,364,RYIJ69362007957399,M,Sex 1
302,Tarzan Smith,Mr Dale Barber,365,JLSL76336954818798,M,Sex 1
303,Christina Cha,Josephine King,366,VIPX40275189942105,F,Sex 2
304,Bill Posley,Rosie Bell-Baker,367,HYTO88270334629835,M,Sex 1
305,Monica Culpepper,Victor Patel-Dodd,368,UOGX12778204844555,F,Sex 2
306,Matt Quinlan,Ms Stephanie Gibson,369,GYLJ26212361369482,M,Sex 1
307,Kourtney Moon*,Mohammed Chamberlain,370,MBFJ51395947938081,F,Sex 2
308,Nina Acosta,Dr Patrick Bennett,371,STEH12137440150182,F,Sex 2
309,Mike Skupin,Guy Murray,27,ZNIT72049559389641,M,Sex 1
310,Denise Stapley,Mrs Marian Smith,372,GCUY56666777064724,F,Sex 2
311,Malcolm Freberg,Marc Ahmed,373,ASHJ78999710391632,M,Sex 1
312,Lisa Whelchel,Carl Taylor-Woodward,374,QVQT85909552669022,F,Sex 2
313,Carter Williams,Joanne Shaw,375,MUKZ72173368488230,M,Sex 1
314,Jonathan Penner,Roger Nixon,189,XKBP02047040321172,M,Sex 1
315,Artis Silvester,Mr Jeremy Whitehouse,376,QEPB12955340144588,M,Sex 1
316,Jeff Kent,Molly Begum-Parsons,377,DDUZ88681782322825,M,Sex 1
317,Russ Swan,Leah Cooper,295,EFSS77828852804168,M,Sex 1
318,Pete Yurkowski,Barbara Wilson,378,AXJA62222418147649,M,Sex 1
319,Angie Layton,Bradley Pratt-Oliver,379,QMIV67756240612833,F,Sex 2
320,Abi-Maria Gomes,Mrs Sian Patel,380,HBQK17676944383488,F,Sex 2
321,Katie Hanson,Nicholas Reeves,381,YETR53525061723453,F,Sex 2
322,Roxy Morris,Miss Jennifer Fox,382,OTOP31150548203996,F,Sex 2
323,RC Saint-Amour,Christine Davies,383,IROO92331082263799,F,Sex 2
324,Dana Lambert*,Jayne Stephenson,384,XWFS95073314044878,F,Sex 2
325,Sarah Dawson,Neil Porter,385,HVPK59196438128875,F,Sex 2
326,Zane Knight,Dr Joan Jones,386,NCCK22363661206953,M,Sex 1
327,John Cochran,Catherine Donnelly,349,OABD61454591922227,M,Sex 1
328,Dawn Meehan,Mr Kevin Ross,343,PYDW82405412506238,F,Sex 2
329,Brenda Lowe,Dr Neil Wilkinson,311,YZKQ10902232620881,F,Sex 2
330,Erik Reichenbach*,Brett Godfrey,239,VZGK03566154990576,F,Sex 2
331,Andrea Boehlke,Alexandra Lawrence,327,UEWD89872299949413,F,Sex 2
332,Malcolm Freberg,Marc Ahmed,373,ASHJ78999710391632,M,Sex 1
333,Phillip Sheppard,Mrs Kayleigh Allen,328,YQFS81355452927133,M,Sex 1
334,Sherri Biethman,Stewart Manning,387,QHJM45809173142523,F,Sex 2
335,Corinne Kaplan,Mr Daniel Warren,254,LMNK35148814368302,F,Sex 2
336,Reynold Toepfer,Dr Sean Moore,388,MFOI03908808623156,M,Sex 1
337,Julia Landauer,Miss Jacqueline Palmer,389,XFLA60635908477803,F,Sex 2
338,Laura Alexander,Ms Megan Henderson,390,MMOS55466653893222,F,Sex 2
339,Matt Bischoff,Mrs Zoe Martin,391,JLMS94132388571714,M,Sex 1
340,Michael Snow,Damien Storey,392,RORC17042719862998,M,Sex 1
341,Eddie Fox,Sylvia Jackson,393,WBXE61983494672003,M,Sex 1
342,Brandon Hantz,Dr Connor Hughes,340,IMXN29735919005654,M,Sex 1
343,Shamar Thomas*,Dylan Barnett,394,OICB28003307211207,M,Sex 1
344,Francesca Hogi,Dr Justin Holt,337,TXVW57169275253892,F,Sex 2
345,Allie Pohevitz,Mrs Katy Stone,395,KESF92305390565008,F,Sex 2
346,Hope Driskill,Miss Pamela Gordon,396,IVNC53049695847470,F,Sex 2
347,Tyson Apostol,Ms Zoe Holloway,273,VPTD36118243990123,M,Sex 1
348,Monica Culpepper,Victor Patel-Dodd,368,UOGX12778204844555,F,Sex 2
349,Gervase Peterson,Kimberley Shepherd,7,WFOZ56927691240329,M,Sex 1
350,Laura Morett.,Mohamed Ross,291,BDYX74176829223790,F,Sex 2
351,Caleb Bankston,Lynne Smith,397,ZWPD17262224394875,M,Sex 1
352,John Cody,Vanessa Day,398,VCSN33466254255347,M,Sex 1
353,Katie Collins,Mr Gareth Brady,399,RXSB07816043312494,F,Sex 2
354,Brad Culpepper,Rita Moore,400,XZYQ29724172812754,M,Sex 1
355,Vytas Baskauskas,Alison Martin,401,AART05865993462482,M,Sex 1
356,Tina Wesson,Marcus Baker,17,FKKG09792589456004,F,Sex 2
357,Hayden Moss,Barry Howe,402,HZFX66379417793726,M,Sex 1
358,Ciera Eastin,Ann Morris-Farmer,403,LDFR96250182383169,F,Sex 2
359,Kat Edorsson,Amber Clements,360,DZVC15808668532580,F,Sex 2
360,Aras Baskauskas,Jeffrey McDonald-Morris,167,DGAP83037321921325,M,Sex 1
361,Laura Boneham,Tina Wilson,404,FBTK47123189137597,F,Sex 2
362,Colton Cumbie*,Andrew Clark,362,HSYL75036420210108,M,Sex 1
363,Candice Cody,Alex Walker,190,PEEV52274619803230,F,Sex 2
364,Rachel Foulger,Deborah Bradley,405,JXAZ64741195356774,F,Sex 2
365,Marissa Peterson,Miss Fiona Baker,406,QRPN98690726626349,F,Sex 2
366,Rupert Boneham,Dr Trevor Grant,104,ZCDJ22099866167066,M,Sex 1
367,Tony Vlachos,Dr Georgia Fisher,407,CWJS90673884996260,M,Sex 1
368,Woo Hwang,Amber Rowe,408,OLUE41803110225123,M,Sex 1
369,Tasha Fox,Tony Edwards,409,LODR50834339581975,F,Sex 2
370,Spencer Bledsoe,Mr Dylan Berry,410,YDBT11027775328323,M,Sex 1
371,Kass McQuillen,Jonathan Patel-Kent,411,BOKX22079629455622,F,Sex 2
372,Jefra Bland,Craig Stokes,412,VTWB83701984299074,F,Sex 2
373,Trish Hegarty,Mr Anthony Parker,413,TXFQ78147625701812,F,Sex 2
374,LJ McKanas,Stephanie Taylor-Conway,414,SXNC23170065856400,M,Sex 1
375,Jeremiah Wood,Henry Brooks,415,WTDA28535853666112,M,Sex 1
376,Sarah Lacina,Ian Rogers,416,USJN65395416795048,F,Sex 2
377,Garrett Adelstein,Iain Nixon-Foster,417,DHBM30159078855958,M,Sex 1
378,Alexis Maxwell,Bruce Walters,418,CRQK88105218009909,F,Sex 2
379,J'Tia Taylor,Garry Leonard,419,LTDX78407924338623,F,Sex 2
380,Morgan McLeod,Amber Alexander-Turner,420,GSWB25870619288798,F,Sex 2
381,Cliff Robinson,Maria Wheeler,421,WZUK17234217350405,M,Sex 1
382,Lindsey Ogle*,Shane Smith,422,ONTA78929280458319,F,Sex 2
383,Brice Johnston,Elliott Williams-Jones,423,AKDK92730491037129,M,Sex 1
384,David Samson,Kyle Lloyd-Howe,424,IROI61274088514852,M,Sex 1
385,Natalie Anderson,Dr Anna Wilson,425,JNMC84432616695037,F,Sex 2
386,Jaclyn Schultz,Dr Jeremy Shepherd,426,JVQL20553968452460,F,Sex 2
387,Keith Nale,Miss Rosemary Miller,427,LZKA06584660052499,M,Sex 1
388,Jon Misch,Dr Gordon Lewis,428,ZKCA27922384964535,M,Sex 1
389,Jeremy Collins,Mr Guy Roberts,429,XMBL09910624442476,M,Sex 1
390,Missy Payne,Alex Cooper,430,DBUV68722984866610,F,Sex 2
391,Wes Nale,Mr Philip Smith,431,OMFJ25935677495059,M,Sex 1
392,Reed Kelly,Dr Ross Richardson,432,LUTC50802608293724,M,Sex 1
393,Alec Christy,Derek Martin,433,BKXE93614583736184,M,Sex 1
394,Baylor Wilson,Ms Hilary Jones,434,GNIA92231987534131,F,Sex 2
395,Kelley Wentworth,Peter Hawkins,435,RKOT27100304716697,F,Sex 2
396,Josh Canfield,Elaine Bird,436,QHNY22006003209977,M,Sex 1
397,Julie McGee*,Dr Debra Wall,437,TQBU47586330372745,F,Sex 2
398,John Rocker,Jean Burgess,438,HUAO35216360738165,M,Sex 1
399,Dale Wentworth,Adrian Price,439,JNHB29245886567191,M,Sex 1
400,Drew Christy,Katherine Evans-Joyce,440,KOSQ40004320935854,M,Sex 1
401,Nadiya Anderson,Miss Lynn Kirk,441,QUAE53602828016312,F,Sex 2
402,Val Collins,Mr Alan Baker,442,QRAY57072136205029,F,Sex 2
403,Ethan Zohn,Ms Rita Brown,33,MYSY34524821776929,M,Sex 1
404,Mama Kim Johnson,Mathew Woods,34,YKHE09188304782911,F,Sex 2
405,Lex Van de Berghe,Suzanne Preston,35,FADK85937011607214,M,Sex 1
406,Big Tom Buchanan,Mr Mathew Jackson,36,IWDU52851911039975,M,Sex 1
407,Teresa Cooper,Mrs Stephanie Bull,37,ASUG79770877282976,F,Sex 2
408,Kim Powers,Debra Farrell-Taylor,38,TXLY34930012711863,F,Sex 2
409,Frank Garrison,Bradley White-Goddard,39,MSJF04531167426989,M,Sex 1
410,Brandon Quinton,Norman Stone-Lloyd,40,WFNH69703939140033,M,Sex 1
411,Kelly Goldsmith,Marian Thomas,41,SJYF35074943564239,F,Sex 2
412,Clarence Black,Bernard Mitchell,42,EKSF27479508953238,M,Sex 1
413,Lindsey Richter,Chloe West,43,BTMP23630114247721,F,Sex 2
414,Silas Gaither,Dr Helen Jackson,44,JXWM08425428397522,M,Sex 1
415,Linda Spencer,Clive Shepherd,45,CCEA83850381566687,F,Sex 2
416,Carl Bilancione,Ms Alison Doyle,46,JSVJ83222334138809,M,Sex 1
417,Jessie Camacho,Kelly Evans,47,XOQX98077349523819,F,Sex 2
418,Diane Ogden,Mr Victor Williams,48,KBMP60505782018011,F,Sex 2
419,Mike Holloway,Mr Billy Baker,443,KAOD21163164410299,M,Sex 1
420,Carolyn Rivera,Dr Patricia Kaur,444,HIIG55860664304429,F,Sex 2
421,Joe Anglim,Mathew Warren,445,MYJW44832033000673,M,Sex 1
422,Will Sims,Miss Pauline Hammond,446,CMWN77126307615962,M,Sex 1
423,Tyler Fredrickson,Mr Alex Bartlett,447,DAHA14199917265227,M,Sex 1
424,Sierra Thomas,Ms Harriet Johnston,448,XTYF19401689742409,F,Sex 2
425,Hali Ford,Brandon Cooper,449,KRBD45571251789579,F,Sex 2
426,Dan Foley,Jayne Hart,450,HYAV54153180670119,M,Sex 1
427,Max Dawson,Ross Richardson,451,YDNS89216007274431,M,Sex 1
428,Shirin Oskooi,Neil Webb,452,CGMG03127897194130,F,Sex 2
429,Jenn Brown,Sam Dickinson-Lewis,453,VEPP80434884089138,F,Sex 2
430,Rodney Lavoie,Amelia Jordan,454,YCHV89678407873372,M,Sex 1
431,Kelly Remington,Stewart John-Johnson,455,ZDZL63688049267562,F,Sex 2
432,Joaquin Souberbielle,Dominic King-Young,456,FAAI22214219192514,M,Sex 1
433,Lindsey Cascaddan,Paige Pugh,457,CCPK11726198256281,F,Sex 2
434,Nina Poersch,Dr Sean Law,458,PIEC28496881973665,F,Sex 2
435,Vince Sly,Mr Jacob Jones,459,CMOD96439786231948,M,Sex 1
436,So Kim,Miss Sharon Saunders,460,ZEIE74478121053810,F,Sex 2
437,Vecepia Towery,Miss Joyce Hussain,49,GDDT91785478123292,F,Sex 2
438,Neleh Dennis,Joe Cole,50,IUXZ64826906454277,F,Sex 2
439,Kathy Vavrick-O'Brien,Martyn Butcher,51,DKZH26004096068895,F,Sex 2
440,Paschal English*,Emily Robinson,52,TDBL46308163271872,M,Sex 1
441,Sean Rector,Leah Perry,53,UXAB10656150631058,M,Sex 1
442,Robert DeCanio,Sheila Jones,54,GBOU92371224524101,M,Sex 1
443,Tammy Leitner,Dr Kerry Holden,55,QTIC49291835024692,F,Sex 2
444,Zoe Zanadakis,Barbara Farmer,56,DGBF59826015934490,F,Sex 2
445,John Carroll,Garry Russell,57,PANS77758412258101,M,Sex 1
446,Boston Rob Mariano,Andrea Wilson-Robertson,58,FQLS54116172580522,M,Sex 1
447,Gina Crews,Dr Owen Khan,59,NISA73558529735030,F,Sex 2
448,Gabriel Cade,Mr Christian Austin,60,DISK29529502065006,M,Sex 1
449,Sarah Jones,Eileen Thomas,61,GBMQ47954315851447,F,Sex 2
450,Hunter Ellis,Kelly Bennett,62,QJCW76206783152614,M,Sex 1
451,Patricia Jackson,Scott Kelly-Ward,63,NDOV73078952313437,F,Sex 2
452,Peter Harkey,Kirsty Berry,64,JWFT94339966291139,M,Sex 1
453,Brian Heidik,Janet Walton,65,QRGY83175133943685,M,Sex 1
454,Clay Jordan,Eleanor Talbot,66,FFUF71606222796658,M,Sex 1
455,Jan Gentry,Lydia Cooper,67,ATOC06435250206549,F,Sex 2
456,Helen Glover,Mrs Lynn Jones,68,XLEI43681022631666,F,Sex 2
457,Ted Rogers,Ms Leah Slater,69,RUBA28972183875085,M,Sex 1
458,Jake Billingsley,Jack Peters,70,BOVP22203632152578,M,Sex 1
459,Penny Ramsey,Dr Maurice Weston,71,YSGA41689966780241,F,Sex 2
460,Ken Stafford,Dr Mohammad Matthews,72,HZCT13359067078738,M,Sex 1
461,Erin Collins,Caroline Bell,73,AAHN73176424387671,F,Sex 2
462,Shii Ann Huang,Mrs Jane Payne,74,IDGO86610994531886,F,Sex 2
463,Robb Zbacnick,Angela Tucker,75,WGGX89324059146647,M,Sex 1
464,Stephanie Dill,Dr David Andrews,76,TKRS89971453277037,F,Sex 2
465,Ghandia Johnson,Wayne Horton,77,YBFC82103040580892,F,Sex 2
466,Jed Hildebrand,Maria Hayes,78,TXET87755091085259,M,Sex 1
467,Tanya Vance,Wendy Walker,79,FUPL23970056895559,F,Sex 2
468,John Raymond,Caroline Macdonald,80,WSSN76227178410215,M,Sex 1
469,Jenna Morasca,Heather Marshall,81,FPJA43298507034937,F,Sex 2
470,Matt von Ertfelda,Mr Darren Wilson,82,VYIA59380604832061,M,Sex 1
471,Rob Cesternino,Kieran Clarke,83,NCRJ88557815321931,M,Sex 1
472,Butch Lockley,Dr Robert Murphy,84,FNFL05605247804720,M,Sex 1
473,Heidi Strobel,Dr Danny Hobbs,85,LFMM00650294662267,F,Sex 2
474,Christy Smith,Lydia Walker,86,AENU24917597612471,F,Sex 2
475,Alex Bell,Kayleigh Jackson,87,JHSY35554712424812,M,Sex 1
476,Deena Bennett,Ms Elaine Moore,88,PPPS76021425315456,F,Sex 2
477,Dave Johnson,Jacqueline Wilson,89,PGJY61149045226637,M,Sex 1
478,Roger Sexton,Janice Parker-Davies,90,WDIW92441539274445,M,Sex 1
479,Shawna Mitchell,Dr Hollie Williams,91,TKSF18618846067080,F,Sex 2
480,Jeanne Hebert,John Smart,92,VRTX55461235124110,F,Sex 2
481,JoAnna Ward,Dr Glen Stewart,93,TYRC95017377025309,F,Sex 2
482,Daniel Lue,Dr Caroline Mistry,94,HOAM84411314040984,M,Sex 1
483,Janet Koth,Jean Ahmed,95,IBPN06661876643843,F,Sex 2
484,Ryan Aiken,Duncan Morgan,96,TWAI30617799007237,M,Sex 1
485,Sandra Diaz-Twine,Danny Baker-Burgess,97,WGJG62261056388880,F,Sex 2
486,Lillian Morris,Mr Anthony Watson,98,FJHF01944567383495,F,Sex 2
487,Jonny Fairplay,Dr Damian Harrison,99,RTJC27727741420023,M,Sex 1
488,Darrah Johnson,Dawn Turner,100,QTEK73466904389804,F,Sex 2
489,Burton Roberts,Mrs Josephine White,101,TUXM34995133498419,M,Sex 1
490,Christa Hastie,Miss Jodie Mason,102,DJLW75266131866579,F,Sex 2
491,Tijuana Bradley,Mr John Morgan,103,NTKN14895043793608,F,Sex 2
492,Rupert Boneham,Dr Trevor Grant,104,ZCDJ22099866167066,M,Sex 1
493,Ryan Opray,Beth James,105,MKSU07060204891786,M,Sex 1
494,Andrew Savage,Barbara Kaur,106,INLY16360121238809,M,Sex 1
495,Osten Taylor*,Emily James-Spencer,107,FAHF63958618628660,M,Sex 1
496,Shawn Cohen,Aimee Williams,108,GUUT45030168842599,M,Sex 1
497,Trish Dunn,Anna Rogers-George,109,QWBJ96913722359677,F,Sex 2
498,Michelle Tesauro,Michael Poole-Watts,110,VOZB75100846954353,F,Sex 2
499,Ryan Shoulders,Mr Reece Ingram,111,GQEB19485606242070,M,Sex 1
500,Nicole Delma,Carly Bell,112,UTFC63400864288742,F,Sex 2
501,Amber Brkich,Eleanor Cooper,22,BRAC03893587727584,F,Sex 2
502,Boston Rob Mariano,Andrea Wilson-Robertson,58,FQLS54116172580522,M,Sex 1
503,Jenna Lewis,Roy Evans-Wood,8,MLJW20600289341997,F,Sex 2
504,Rupert Boneham,Dr Trevor Grant,104,ZCDJ22099866167066,M,Sex 1
505,Big Tom Buchanan,Mr Mathew Jackson,36,IWDU52851911039975,M,Sex 1
506,Shii Ann Huang,Mrs Jane Payne,74,IDGO86610994531886,F,Sex 2
507,Alicia Callaway,Dean Barton,25,TTDP75260264176128,F,Sex 2
508,Kathy Vavrick-O'Brien,Martyn Butcher,51,DKZH26004096068895,F,Sex 2
509,Lex Van den Berghe,Mr Lawrence Marsh,35,FADK85937011607214,M,Sex 1
510,Jerri Manthey,Mark Norris-Edwards,24,YVTR37292893054084,F,Sex 2
511,Ethan Zohn,Ms Rita Brown,33,MYSY34524821776929,M,Sex 1
512,Colby Donaldson,Amber Watts,18,NLUQ33344045331292,M,Sex 1
513,Sue Hawk*,Ms Lindsey Johnson,4,WZIB24510572923106,F,Sex 2
514,Richard Hatch,Nathan Walker-Bennett,1,WOGI05079596133783,M,Sex 1
515,Rob Cesternino,Kieran Clarke,83,NCRJ88557815321931,M,Sex 1
516,Jenna Morasca*,Kayleigh Johnson,81,FPJA43298507034937,F,Sex 2
517,Rudy Boesch,Dr Kieran Cox,3,WFUF52494409652837,M,Sex 1
518,Tina Wesson,Marcus Baker,17,FKKG09792589456004,F,Sex 2
519,Chris Daugherty,Angela Buckley-Hill,113,YWCR13973924881714,M,Sex 1
520,Twila Tanner,Deborah Carroll,114,AFDR34826444861640,F,Sex 2
521,Scout Cloud Lee,Allan Thomas,115,FVYJ07382977973038,F,Sex 2
522,Eliza Orlins,Gregory Burke,116,TMTM11756780966647,F,Sex 2
523,Julie Berry,Barry Hamilton,117,JXUY97460392287696,F,Sex 2
524,Ami Cusack,Nicole Campbell,118,CGBF61001379128019,F,Sex 2
525,Leann Slaby,Valerie White,119,VMCB09692379490995,F,Sex 2
526,Chad Crittenden,Dr William Charlton,120,CAQJ35877334499021,M,Sex 1
527,Lea Sarge Masters,Sian Gilbert,121,SIPN91242919814003,M,Sex 1
528,Rory Freeman,Louis Vincent-Elliott,122,HFWN45052594210061,M,Sex 1
529,John Kenney,Anna Lee,123,MKBP55853350241977,M,Sex 1
530,Lisa Keiffer,Joanne Barrett-Smith,124,GIJZ02440184599130,F,Sex 2
531,Bubba Sampson,Ms Gillian Roberts,125,YJOC25960169076802,M,Sex 1
532,Brady Finta,Ryan Butler,126,RBSF11559819877093,M,Sex 1
533,Mia Galeotalanza,Leslie Taylor-Ross,127,GTEC03816045815136,F,Sex 2
534,John Palyok,Hannah Adams,128,HKLU54076017643908,M,Sex 1
535,Dolly Neely,Christopher Campbell,129,GOAK93188572500009,F,Sex 2
536,Brook Geraghty,Harry Taylor,130,GVWW66313082940743,M,Sex 1
537,Ciera Eastin,Ann Morris-Farmer,403,LDFR96250182383169,F,Sex 2
538,Kass McQuillen,Jonathan Patel-Kent,411,BOKX22079629455622,F,Sex 2
539,Kimmi Kappenberg,Debra Turner,28,AKNI55578200503129,F,Sex 2
540,Monica Padilla,Alexander Morgan-Hunter,288,OKIA05932238706274,F,Sex 2
541,Tasha Fox,Tony Edwards,409,LODR50834339581975,F,Sex 2
542,Andrew Savage,Barbara Kaur,106,INLY16360121238809,M,Sex 1
543,Jeremy Collins,Mr Guy Roberts,429,XMBL09910624442476,M,Sex 1
544,Joe Anglim,Mathew Warren,445,MYJW44832033000673,M,Sex 1
545,Keith Nale,Miss Rosemary Miller,427,LZKA06584660052499,M,Sex 1
546,Stephen Fishbach,Janice Frost-Jones,267,ZTFS67567612615221,M,Sex 1
547,Abi-Maria Gomes,Mrs Sian Patel,380,HBQK17676944383488,F,Sex 2
548,Kelley Wentworth,Peter Hawkins,435,RKOT27100304716697,F,Sex 2
549,Kelly Wiglesworth,Leanne Ryan,2,ZWSO03028042209826,F,Sex 2
550,Peih-Gee Law,Caroline Wells,226,GDED01888808066702,F,Sex 2
551,Shirin Oskooi,Neil Webb,452,CGMG03127897194130,F,Sex 2
552,Jeff Varner,Mr Benjamin Clarke,26,XKBS29655656451233,M,Sex 1
553,Spencer Bledsoe,Mr Dylan Berry,410,YDBT11027775328323,M,Sex 1
554,Terry Deitz*,Dr Russell Begum,169,FHKU57426737262809,M,Sex 1
555,Vytas Baskauskas,Alison Martin,401,AART05865993462482,M,Sex 1
556,Woo Hwang,Amber Rowe,408,OLUE41803110225123,M,Sex 1
557,Alecia Holden,Samantha Williams,461,MIHV70450463334775,F,Sex 2
558,Cydney Gillon,Mr Martyn Foster,462,YHBQ53038837674162,F,Sex 2
559,Darnell Hamilton,Tina Knight,463,UKUR03485077000470,M,Sex 1
560,Jennifer Lanzetti,Mr Maurice Hill,464,VMZV73806305350152,F,Sex 2
561,Kyle Jason,Beth Mitchell,465,VWOI62492407921893,M,Sex 1
562,Scot Pollard,Ian Patel,466,KWVL28074944086740,M,Sex 1
563,Aubry Bracco,Damian Rowley-Osborne,467,WIRA20084854430697,F,Sex 2
564,Debbie Wanner,Diane Brennan,468,FUSH32114897761742,F,Sex 2
565,Joe Del Campo*,Dominic Savage,469,DSSX76716740157703,M,Sex 1
566,Liz Markham,Charlie Chan,470,ZTMI36500407987419,F,Sex 2
567,Neal Gottlieb*,Dr Anthony Green,471,OQJZ14332107677140,M,Sex 1
568,Peter Baggenstos,Dr Ruth Williams,472,BSBQ14124457931827,M,Sex 1
569,Anna Khait,Dr Brenda Hewitt,473,BQLX71499199693653,F,Sex 2
570,Caleb Reynolds*,Josh Hunt-Johnson,474,AZMY90313949184654,M,Sex 1
571,Julia Sokolowski,Catherine Kirk-Collins,475,WVHH19596588129974,F,Sex 2
572,Michele Fitzgerald,Gerald Marshall-Clements,476,GOHX63096468824090,F,Sex 2
573,Nick Maiorano,Mrs Cheryl Smith,477,YZOD62925720904110,M,Sex 1
574,Tai Trang,Albert Allen,478,XZLK98262194919194,M,Sex 1
575,Adam Klein,Ms Charlotte Pratt,479,AELN42513067933048,M,Sex 1
576,Ken McNickle,Jason Kemp,480,LRUZ63566798233231,M,Sex 1
577,David Wright,Gemma Price,481,EYSA26394101388910,M,Sex 1
578,Jay Starrett,Glenn Stevens,482,LQFM18687044093689,M,Sex 1
579,Hannah Shapiro,Miss Rita Brady,483,KIDN68541779602384,F,Sex 2
580,Will Wahl,Gail Rees,484,HXLY61544400293588,M,Sex 1
581,Michaela Bradshaw,Maureen Evans-Chambers,485,LTRH82768871463608,F,Sex 2
582,Zeke Smith,Bethany Hancock,486,AMDP36336896940441,M,Sex 1
583,Sunday Burquest,Lesley Roberts,487,OZXQ46828420299882,F,Sex 2
584,Chris Hammons,Louis Ball,488,BTWF88838671062085,M,Sex 1
585,Bret LaBelle,Lesley Price,489,COIJ04165679092648,M,Sex 1
586,Michelle Schubert,Julie Williams,490,KGZD76660141590259,F,Sex 2
587,Jessica Lewis,Gordon Newton,491,HZCK88103236404639,F,Sex 2
588,Figgy Figueroa,Lawrence Stone,492,HMWL25270367115934,F,Sex 2
589,Lucy Huang,Mr Bernard Baxter,493,XYTW86187026668649,F,Sex 2
590,Paul Wachter,Dale Matthews,494,OVJL50912079715990,M,Sex 1
591,Taylor Stocker,Miss Kathleen Wilkins,495,QYBJ47000847292836,M,Sex 1
592,CeCe Taylor,Ms Joyce Yates,496,NMTL74340080518959,F,Sex 2
593,Mari Takahashi,Dr Sharon Richardson,497,PBEV80696241458389,F,Sex 2
594,Rachel Ako,Frances Williams-Anderson,498,UBVS87874538072133,F,Sex 2
595,Brad Culpepper,Rita Moore,400,XZYQ29724172812754,M,Sex 1
596,Sarah Lacina,Ian Rogers,416,USJN65395416795048,F,Sex 2
597,Andrea Boehlke,Alexandra Lawrence,327,UEWD89872299949413,M,Sex 1
598,Troyzan Robertson,Owen Burrows-James,357,WGFI04658170173029,F,Sex 2
599,Cirie Fields,Vanessa Stone,170,SXUZ00045986745505,F,Sex 2
600,Aubry Bracco,Damian Rowley-Osborne,467,WIRA20084854430697,M,Sex 1
601,Debbie Wanner,Diane Brennan,468,FUSH32114897761742,F,Sex 2
602,Tai Trang,Albert Allen,478,XZLK98262194919194,F,Sex 2
603,Ozzy Lusth,Douglas Patterson,184,GEIB32179568777961,F,Sex 2
604,Malcolm Freberg,Marc Ahmed,373,ASHJ78999710391632,M,Sex 1
605,Hali Ford,Brandon Cooper,449,KRBD45571251789579,F,Sex 2
606,Zeke Smith,Bethany Hancock,486,AMDP36336896940441,M,Sex 1
607,Sierra Thomas,Ms Harriet Johnston,448,XTYF19401689742409,F,Sex 2
608,Caleb Reynolds,Benjamin Harris-John,474,AZMY90313949184654,M,Sex 1
609,Jeff Varner,Mr Benjamin Clarke,26,XKBS29655656451233,F,Sex 2
610,Michaela Bradshaw,Maureen Evans-Chambers,485,LTRH82768871463608,M,Sex 1
611,Sandra Diaz-Twine,Danny Baker-Burgess,97,WGJG62261056388880,M,Sex 1
612,Tony Vlachos,Dr Georgia Fisher,407,CWJS90673884996260,M,Sex 1
613,J.T. Thomas,Mr Jack Jones,266,JKVV64352077451919,M,Sex 1
614,Ciera Eastin,Ann Morris-Farmer,403,LDFR96250182383169,F,Sex 2
615,Ben Driebergen,Tina Gardner,499,HZPX78438083104485,M,Sex 1
616,Chrissy Hofbeck,Rachael Ellis,500,CUVZ74170396082071,F,Sex 2
617,Devon Pinto,Timothy Webb,501,SEVV32550405361040,M,Sex 1
618,Lauren Rimmer,Marion Johnson,502,GJAB27500402627366,F,Sex 2
619,Ryan Ulrich,Paige Smith,503,KBBS93603225719569,M,Sex 1
620,Ashley Nolan,Dr Barry Cooke,504,NECJ17339849986907,F,Sex 2
621,Desi Williams,Zoe Atkinson,505,RUZI41269053472727,F,Sex 2
622,Cole Medders,Vincent Patel,506,LKSU39866116369429,M,Sex 1
623,JP Hilsabeck,Bethan Middleton,507,GPMF99681899757679,M,Sex 1
624,Alan Ball,Leigh Preston,508,SSGO15810796004714,M,Sex 1
625,Mike Zahalsky,Sheila Begum,509,DIFZ59493941141353,M,Sex 1
626,Ali Elliott,Dr Katy Norris,510,YJJV00261588379631,F,Sex 2
627,Joe Mena,Phillip Kaur,511,CDID62588359797163,M,Sex 1
628,Jessica Johnston,Ms Joanna Burke,512,GLZG85627338452763,F,Sex 2
629,Patrick Bolton,Kim Smith,513,IVRK46144667353287,M,Sex 1
630,Roark Luskin,Dr Charles Peacock,514,XOKG52399071371917,F,Sex 2
631,Katrina Radke,Trevor Parker,515,QGUV17944980438187,F,Sex 2
632,Simone Nguyen,Mr David Hughes,516,XTLC31594205745391,F,Sex 2
633,Domenick Abbate,Dr Rachael Page,517,JPML38798665993657,M,Sex 1
634,Wendell Holland,Ann Armstrong,518,ZCJS92718946125306,M,Sex 1
635,Laurel Johnson,Rebecca Page,519,SYIF45713401568348,F,Sex 2
636,Chelsea Townsend,Brett Taylor,520,RFAX33011978089447,F,Sex 2
637,Sebastian Noel,Mr Declan Walker,521,UPKJ80957512318786,M,Sex 1
638,Kellyn Bechtold,Dr Holly Stevens,522,YWFN45060072752541,F,Sex 2
639,Angela Perkins,Jennifer Edwards,523,QJRG49487015196837,F,Sex 2
640,Jenna Bowman,Dylan Wilson-Turner,524,HTPK79642297017959,F,Sex 2
641,James Lim,Lauren North-Myers,525,OAFU73509657497512,M,Sex 1
642,Libby Vincek,Dr Kevin Akhtar,526,XSIR37192672165934,F,Sex 2
643,Brendan Shapiro,Melissa Evans,527,AOQY17582135741552,M,Sex 1
644,Michael Yerger,Georgina Dunn-Nicholson,528,ERVZ23243088428883,M,Sex 1
645,Bradley Kleihege,Harry George-Begum,529,EDZK30709217674639,M,Sex 1
646,Donathan Hurley,Joanne Miller,530,NSXN27842831205460,M,Sex 1
647,Desiree Afuye,Marcus Jones,531,CRNT50335094374009,F,Sex 2
648,Stephanie Johnson,Rita Dale,532,TTCP42076385941038,F,Sex 2
649,Chris Noble,Scott Kelly,533,CGJC75801196674555,M,Sex 1
650,Morgan Ricke,Pauline Lane,534,DUEE25304854041429,F,Sex 2
651,Jacob Derwin,Josephine Stephens,535,EJKK84503238953719,M,Sex 1
652,Stephanie Gonzalez,Dr Gillian James,536,QAGA88518408483358,F,Sex 2
653,Nick Wilson,Carl Brown-Wong,537,PIVT92431690201212,M,Sex 1
654,Mike White,Dr Martyn Robinson,538,HQHA62065155013256,M,Sex 1
655,Kara Kay,Jasmine Marshall-Davies,539,YOOM60137159085086,F,Sex 2
656,Davie Rickenbacker,Justin Horton,540,CBNU21857160593221,M,Sex 1
657,Christian Hubicki,Mrs Jill Powell,541,ABEV65244647226423,M,Sex 1
658,Gabby Pascuzzi,Rebecca Davis-Robinson,542,ZXNI50586012862612,F,Sex 2
659,John Hennigan,Guy Reynolds,543,KJYP77073255800213,M,Sex 1
660,Dan Rengering,Ross Jones-Jones,544,IEBB72194948941651,M,Sex 1
661,Alec Merlino,Mr William Faulkner,545,ZKFF06277755276368,M,Sex 1
662,Angelina Keeley,Stacey Stewart-O'Connor,546,DZUZ81337289232176,F,Sex 2
663,Alison Raybould,Gregory Thomas,547,SSUP59026526243267,F,Sex 2
664,Carl Boudreaux,Mr Ashley Read,548,PPXP07775203801990,M,Sex 1
665,Natalia Azoqa,Gareth Lyons,549,JKEM66518811532368,F,Sex 2
666,Lyrsa Torres,Ricky Wells,550,MJXH64508745342331,F,Sex 2
667,Natalie Cole,Stephen Lewis,551,MLUW44664919769833,F,Sex 2
668,Elizabeth Olson,Miss Pamela Bryan,552,EKBF50025432138832,F,Sex 2
669,Jeremy Crawford,George Holden,553,XYDF98795074370149,M,Sex 1
670,Bi Nguyen*,Toby Pickering-Harrison,554,EEAM09401013973235,F,Sex 2
671,Jessica Peet,Debra Burrows,555,GWFD89205686316081,F,Sex 2
672,Pat Cusack*,Mr Douglas Taylor,556,TKEE53420424154019,M,Sex 1
673,Gavin Whitson,Paula White,557,SPVT26810712737098,M,Sex 1
674,Chris Underwood,Andrew Nolan,558,HKEE27670619129489,M,Sex 1
675,Rick Devens,Henry Hall,559,GUMD27287237899069,M,Sex 1
676,Julie Rosenberg,Amy Cox-Ball,560,WGEI88150615472937,F,Sex 2
677,Ron Clark,Ms Leanne Edwards,561,WDUK54872151033165,M,Sex 1
678,Aurora McCreary,Dr Trevor Scott,562,DVWU74685077245086,F,Sex 2
679,Victoria Baamonde,Jayne Jones-Kelly,563,ASWV87725271571600,F,Sex 2
680,Julia Carter,Ms Angela Banks,564,LLJA03725605778028,F,Sex 2
681,Wardog' DaSilva,Declan Clarke-Wright,565,QQDU51167189841702,M,Sex 1
682,Lauren O'Connell,Hilary Price,566,PSZO10188678662694,F,Sex 2
683,Eric Hafemann,Georgina Jones,567,DVVL92094511869456,M,Sex 1
684,Kelley Wentworth,Peter Hawkins,435,RKOT27100304716697,F,Sex 2
685,Joe Anglim,Mathew Warren,445,MYJW44832033000673,M,Sex 1
686,David Wright,Gemma Price,481,EYSA26394101388910,M,Sex 1
687,Keith Sowell,Barry Thomas,568,VORT95308129417806,M,Sex 1
688,Wendy Diaz,Jason Davies,569,TLXK16017573375381,F,Sex 2
689,Aubry Bracco,Damian Rowley-Osborne,467,WIRA20084854430697,F,Sex 2
690,Reem Daly,Alexandra Bradley,570,PSUX99281475844932,F,Sex 2
691,Tommy Sheehan,Tracey Shaw-Jenkins,571,NPTZ53598883779828,M,Sex 1
692,Dean Kowalski,Dr Gareth Burke,572,NNZV61393832911310,M,Sex 1
693,Noura Salman,Paige Griffiths,573,IQPI93081772795896,F,Sex 2
694,Lauren Beck,Mr Jonathan Grant,574,UZVK63021639884233,F,Sex 2
695,Missy Byrd,Terry Baldwin-Wright,575,CLZH09500245038182,F,Sex 2
696,Aaron Meredith,Danny Shaw-Bennett,576,QUSV51305132604357,M,Sex 1
697,Elizabeth Beisel,Gillian Lowe-Hill,577,YFEU44225619528743,F,Sex 2
698,Jason Linden,Mr Shane Owen,578,TGVE35081982483834,M,Sex 1
699,Elaine Stott,Stephen Bevan,579,BUWE71064196675069,F,Sex 2
700,Janet Carbin,Dr Joshua Hargreaves,580,KBFT11322237096179,F,Sex 2
701,Dan Spilo*,Lesley Potts,581,JVVW37361298774644,M,Sex 1
702,Jack Nichting,Graham Peters,582,XKYX25690098635191,F,Sex 2
703,Chelsea Walker,Marc Wilson,583,ACPR45805352174926,M,Sex 1
704,Kellee Kim,Duncan Sanders,584,PXXO25951415887061,F,Sex 2
705,Tom Laidlaw,Mr Brian Thompson,585,IZJC41756612459053,M,Sex 1
706,Vince Moua,Olivia Benson-Powell,586,OYOK40710305280873,M,Sex 1
707,Jamal Shipman,Scott Wood-Campbell,587,WWAI94571488941792,M,Sex 1
708,Karishma Patel,Mr Gareth Lord,588,PTTW91081647159955,F,Sex 2
709,Molly Byman,Dr Russell Kelly,589,QXXP44350093264070,F,Sex 2
710,Ronnie Bardah,Joe Henry,590,OQVD12443327315923,M,Sex 1
711,Tony Vlachos,Dr Georgia Fisher,407,CWJS90673884996260,M,Sex 1
712,Michele Fitzgerald,Gerald Marshall-Clements,476,GOHX63096468824090,F,Sex 2
713,Denise Stapley,Mrs Marian Smith,372,GCUY56666777064724,F,Sex 2
714,Natalie Anderson,Dr Anna Wilson,425,JNMC84432616695037,F,Sex 2
715,Sandra Diaz-Twine,Danny Baker-Burgess,97,WGJG62261056388880,F,Sex 2
716,Ben Driebergen,Tina Gardner,499,HZPX78438083104485,F,Sex 2
717,Sarah Lacina,Ian Rogers,416,USJN65395416795048,M,Sex 1
718,Yul Kwon,Rachel Fletcher,183,EBYR71891912153492,M,Sex 1
719,Nick Wilson,Carl Brown-Wong,537,PIVT92431690201212,M,Sex 1
720,Sophie Clarke,Rita Lewis,338,WWEZ02836934051916,M,Sex 1
721,Kim Spradlin,Harry Phillips,354,EZDT54103139149013,F,Sex 2
722,Jeremy Collins,Mr Guy Roberts,429,XMBL09910624442476,F,Sex 2
723,Ethan Zohn,Ms Rita Brown,33,MYSY34524821776929,M,Sex 1
724,Tyson Apostol,Ms Zoe Holloway,273,VPTD36118243990123,M,Sex 1
725,Wendell Holland,Ann Armstrong,518,ZCJS92718946125306,M,Sex 1
726,Parvati Shallow,Lauren Fitzgerald,188,TGDE05649952428602,F,Sex 2
727,Boston Rob Mariano,Andrea Wilson-Robertson,58,FQLS54116172580522,M,Sex 1
728,Adam Klein,Ms Charlotte Pratt,479,AELN42513067933048,M,Sex 1
729,Danni Boatwright,Lydia Dixon-Holland,151,CMKU95260867629811,F,Sex 2
730,Amber Mariano,Jay Singh-Morgan,22,BRAC03893587727584,F,Sex 2
